href,name,arroba
https://mobile.twitter.com/AlvaroDerEco,Álvaro,@AlvaroDerEco,chuisochuisez
https://mobile.twitter.com/robxrtx,Robert,@robxrtx,chuisochuisez
https://mobile.twitter.com/josemanjon,manjonrc,@josemanjon,chuisochuisez
https://mobile.twitter.com/Edu_086,Eduardo,@Edu_086,chuisochuisez
https://mobile.twitter.com/dev_pina,PinaDev,@dev_pina,chuisochuisez
https://mobile.twitter.com/calabriamarin,Nacho Calabria,@calabriamarin,chuisochuisez
https://mobile.twitter.com/jairo29098783,jairo,@jairo29098783,chuisochuisez
https://mobile.twitter.com/Di5459,Raymond Dipeo Bower,@Di5459,chuisochuisez
https://mobile.twitter.com/IBC379,Ivonne B,@IBC379,chuisochuisez
https://mobile.twitter.com/audrey_trader,AudreyTrader,@audrey_trader,chuisochuisez
https://mobile.twitter.com/EnriqueMaza,Enrique Maza,@EnriqueMaza,chuisochuisez
https://mobile.twitter.com/PallaOscar,Oscar palla,@PallaOscar,chuisochuisez
https://mobile.twitter.com/Lluis28066045,Lluís,@Lluis28066045,chuisochuisez
https://mobile.twitter.com/majorican,Jorge Díaz,@majorican,chuisochuisez
https://mobile.twitter.com/Patximm,Patxi.,@Patximm,chuisochuisez
https://mobile.twitter.com/nachochambo,nachete11,@nachochambo,chuisochuisez
https://mobile.twitter.com/FlorencioMtnez,Florencio Martinez,@FlorencioMtnez,chuisochuisez
https://mobile.twitter.com/TheSpidey500,Spidey500,@TheSpidey500,chuisochuisez
https://mobile.twitter.com/masfinanzass,Crypto inverter,@masfinanzass,chuisochuisez
https://mobile.twitter.com/PerroLibertario,Perro,@PerroLibertario,chuisochuisez
https://mobile.twitter.com/buenocarallo,sí o qué,@buenocarallo,chuisochuisez
https://mobile.twitter.com/Simong8585,Simi609,@Simong8585,chuisochuisez
https://mobile.twitter.com/Rubenbeji,Rubén Bejar,@Rubenbeji,chuisochuisez
https://mobile.twitter.com/Jorge__OH,Jorge Ortuño Hdez. ن,@Jorge__OH,chuisochuisez
https://mobile.twitter.com/RaulYuley2001,Raul,@RaulYuley2001,chuisochuisez
https://mobile.twitter.com/AlexeyAlcaide,Alex Alcaide,@AlexeyAlcaide,chuisochuisez
https://mobile.twitter.com/Edu_SJdM,Edu San Jose,@Edu_SJdM,chuisochuisez
https://mobile.twitter.com/carlos_jimen,Carlos,@carlos_jimen,chuisochuisez
https://mobile.twitter.com/yes_gooo,Yowow,@yes_gooo,chuisochuisez
https://mobile.twitter.com/BolsaporCoque,SeñorInversor,@BolsaporCoque,chuisochuisez
https://mobile.twitter.com/JoseCPinto7,José Pinto,@JoseCPinto7,chuisochuisez
https://mobile.twitter.com/rafapeinadott,Rafa Peinado,@rafapeinadott,chuisochuisez
https://mobile.twitter.com/TechFinanceGuy1,TechFinanceGuy,@TechFinanceGuy1,chuisochuisez
https://mobile.twitter.com/irenesedano,irene sedano,@irenesedano,chuisochuisez
https://mobile.twitter.com/_LoboL_,Luis Lobo,@_LoboL_,chuisochuisez
https://mobile.twitter.com/__Jerl__,JERL,@__Jerl__,chuisochuisez
https://mobile.twitter.com/JDesencadenado,Jango_Desencadenado,@JDesencadenado,chuisochuisez
https://mobile.twitter.com/Rafael_APPDev,Rafael Navarro,@Rafael_APPDev,chuisochuisez
https://mobile.twitter.com/GGinerB,Guillem,@GGinerB,chuisochuisez
https://mobile.twitter.com/gimenosab,Gimeno,@gimenosab,chuisochuisez
https://mobile.twitter.com/Aleberbel2000,Berbeel,@Aleberbel2000,chuisochuisez
https://mobile.twitter.com/inverlaw,Inverlaw.,@inverlaw,chuisochuisez
https://mobile.twitter.com/pblo_13,Pablo,@pblo_13,chuisochuisez
https://mobile.twitter.com/rramonfraga,Rafael Ramón Fraga,@rramonfraga,chuisochuisez
https://mobile.twitter.com/Discipulus19,Discipulus,@Discipulus19,chuisochuisez
https://mobile.twitter.com/jordiforroll,Jordi Forroll,@jordiforroll,chuisochuisez
https://mobile.twitter.com/vicentito1980,VinceMC,@vicentito1980,chuisochuisez
https://mobile.twitter.com/inversorloncha,Inversor Lonchafinista,@inversorloncha,chuisochuisez
https://mobile.twitter.com/Liberta62403832,Libertad estoica,@Liberta62403832,chuisochuisez
https://mobile.twitter.com/Pedro7Costa,Pete¡,@Pedro7Costa,chuisochuisez
https://mobile.twitter.com/kikohyur,kiko,@kikohyur,chuisochuisez
https://mobile.twitter.com/Antoniomanugrx,Antonio Rodríguez,@Antoniomanugrx,chuisochuisez
https://mobile.twitter.com/ngv0978,Gabriel,@ngv0978,chuisochuisez
https://mobile.twitter.com/mire73203197,mire,@mire73203197,chuisochuisez
https://mobile.twitter.com/MigDeSantiago,Miguel de Santiago #EnCasaSalvasVidas,@MigDeSantiago,chuisochuisez
https://mobile.twitter.com/leviatan89,Leviatan89,@leviatan89,chuisochuisez
https://mobile.twitter.com/migu_sanito,M.,@migu_sanito,chuisochuisez
https://mobile.twitter.com/Yomismo00328151,Yomismo,@Yomismo00328151,chuisochuisez
https://mobile.twitter.com/diana84803170,diana,@diana84803170,chuisochuisez
https://mobile.twitter.com/OnlyManic46,Manic,@OnlyManic46,chuisochuisez
https://mobile.twitter.com/elcontinuo,Analisis fundamental,@elcontinuo,chuisochuisez
https://mobile.twitter.com/Bluecommerce_es,Bluecommerce.es,@Bluecommerce_es,chuisochuisez
https://mobile.twitter.com/music_finance,Music & Finance,@music_finance,chuisochuisez
https://mobile.twitter.com/Carlos_Pincel,Carlos,@Carlos_Pincel,chuisochuisez
https://mobile.twitter.com/y_dca,DcA y DgI,@y_dca,chuisochuisez
https://mobile.twitter.com/quisquiya,Quisqui,@quisquiya,chuisochuisez
https://mobile.twitter.com/JhavierBermudez,Javier Bermudez,@JhavierBermudez,chuisochuisez
https://mobile.twitter.com/47Deve,Deve_47,@47Deve,chuisochuisez
https://mobile.twitter.com/cm0to1,Jay,@cm0to1,chuisochuisez
https://mobile.twitter.com/juankiu,Juan Carlos,@juankiu,chuisochuisez
https://mobile.twitter.com/tuareg340,Jorge Lahoz,@tuareg340,chuisochuisez
https://mobile.twitter.com/luisdarrosa,luisd,@luisdarrosa,chuisochuisez
https://mobile.twitter.com/SOFIA120508,SOFIA120508,@SOFIA120508,chuisochuisez
https://mobile.twitter.com/D_inversor,D Investor,@D_inversor,chuisochuisez
https://mobile.twitter.com/jlderoa,Jose Luis de Roa,@jlderoa,chuisochuisez
https://mobile.twitter.com/David63134338,David,@David63134338,chuisochuisez
https://mobile.twitter.com/40Inversor,Inversor a los 40,@40Inversor,chuisochuisez
https://mobile.twitter.com/calmartinezr,rosa martinez,@calmartinezr,chuisochuisez
https://mobile.twitter.com/Jalberto1979,Alberto Pastor,@Jalberto1979,chuisochuisez
https://mobile.twitter.com/j_callejo,Jesús Callejo,@j_callejo,chuisochuisez
https://mobile.twitter.com/vtx200,Aitor,@vtx200,chuisochuisez
https://mobile.twitter.com/benysanders,Benito Zurano,@benysanders,chuisochuisez
https://mobile.twitter.com/Musawebdesing,Musaweb,@Musawebdesing,chuisochuisez
https://mobile.twitter.com/coco_udechile,daniel,@coco_udechile,chuisochuisez
https://mobile.twitter.com/charlie_brown07,Carlos M.,@charlie_brown07,chuisochuisez
https://mobile.twitter.com/JuanCar24418287,Juan Carlos Medina,@JuanCar24418287,chuisochuisez
https://mobile.twitter.com/JackSh_86,Jack,@JackSh_86,chuisochuisez
https://mobile.twitter.com/jorgedanoz,Jorge Danoz,@jorgedanoz,chuisochuisez
https://mobile.twitter.com/Aezkoano18,Epi Urrutia,@Aezkoano18,chuisochuisez
https://mobile.twitter.com/ddneutrones,Juan,@ddneutrones,chuisochuisez
https://mobile.twitter.com/IsraelTortajada,Israel 3,@IsraelTortajada,chuisochuisez
https://mobile.twitter.com/alrudeinpe,Alberto_Ruiz,@alrudeinpe,chuisochuisez
https://mobile.twitter.com/ruedadepalos,180 pasos por minuto,@ruedadepalos,chuisochuisez
https://mobile.twitter.com/VicentinGG,David,@VicentinGG,chuisochuisez
https://mobile.twitter.com/gutialonso666,Javier G,@gutialonso666,chuisochuisez
https://mobile.twitter.com/futuropension,Futuro Pensionista,@futuropension,chuisochuisez
https://mobile.twitter.com/pirulocanuto,Pirulo,@pirulocanuto,chuisochuisez
https://mobile.twitter.com/OpoInversor,El Opositor Inversor,@OpoInversor,chuisochuisez
https://mobile.twitter.com/jorbriib,Jorge Brisa,@jorbriib,chuisochuisez
https://mobile.twitter.com/Luck_At,lucas r. costantino,@Luck_At,chuisochuisez
